"","weight","std"
"CYB",0.431911554950563,0.047503501817029
"SH50",0.568088445049437,0.0361164040727246
