"","weight","std"
"stock_SP500.usd",0.0805267724833206,0.0197141544007172
"stock_chstock_CYB",0.019609411298295,0.047503501817029
"stock_chstock_SH50",0.0257920397014114,0.0361164040727246
"bond.usd_US10Y.usd",0.0670331870092964,0.00962910533143996
"bond.usd_US2Y.usd",0.691168602055218,0.000931626496387196
"comm.usd_GSCI.usd",0.0577783556519156,0.0245330018208359
"comm.usd_GOLD.usd",0.0580916318005424,0.0244007022379087
