"","weight","std","w.low","w.high"
"SP500",0.549183276902308,0.0201136577597234,0.538137192423331,0.560229361381284
"GOLD",0.450816723097693,0.0244031145095661,0.439815390981113,0.461818055214273
