,weight,std,w.low,w.high
stock_SP500.usd,0.080526772,0.019714154,0.08211429,0.078939255
stock_chstock_CYB,0.019609411,0.047503502,0.020540927,0.018677896
stock_chstock_SH50,0.02579204,0.036116404,0.026723555,0.024860524
bond.usd_US10Y.usd,0.067033187,0.009629105,0.067678657,0.066387717
bond.usd_US2Y.usd,0.691168602,0.000931626,0.691812513,0.690524691
comm.usd_GSCI.usd,0.057778356,0.024533002,0.059195832,0.056360879
comm.usd_GOLD.usd,0.058091632,0.024400702,0.059509108,0.056674155
