"","weight","std"
"CYB",0.219237202308125,0.0473391188545697
"SH50",0.27559844391629,0.0364854480482558
"COMM.usd",0.505164353775584,0.024084159796676
